index,D_0__Bacteria;D_1__Acidobacteria,D_0__Bacteria;D_1__Actinobacteria,D_0__Bacteria;D_1__Armatimonadetes,D_0__Bacteria;D_1__Bacteroidetes,D_0__Bacteria;D_1__Chloroflexi,D_0__Bacteria;D_1__Cyanobacteria,D_0__Bacteria;D_1__Deferribacteres,D_0__Bacteria;D_1__Deinococcus-Thermus,D_0__Bacteria;D_1__Dependentiae,D_0__Bacteria;D_1__Elusimicrobia,D_0__Bacteria;D_1__Fibrobacteres,D_0__Bacteria;D_1__Firmicutes,D_0__Bacteria;D_1__Gemmatimonadetes,D_0__Bacteria;D_1__Latescibacteria,D_0__Bacteria;D_1__Nitrospirae,D_0__Bacteria;D_1__Patescibacteria,D_0__Bacteria;D_1__Planctomycetes,D_0__Bacteria;D_1__Proteobacteria,D_0__Bacteria;D_1__Rokubacteria,D_0__Bacteria;D_1__Spirochaetes,D_0__Bacteria;D_1__Verrucomicrobia,D_0__Bacteria;D_1__WS2,D_0__Bacteria;__,Name,Collection,State,TimePoint
ERR2654435,1431.0,3323.0,0.0,745.0,535.0,150.0,0.0,4.0,3.0,7.0,5.0,623.0,52.0,115.0,29.0,55.0,82.0,3080.0,45.0,0.0,1742.0,0.0,631.0,B03C,September,control,A week recovery
ERR2654526,1100.0,2142.0,0.0,679.0,384.0,96.0,0.0,0.0,0.0,4.0,46.0,333.0,46.0,70.0,18.0,31.0,26.0,1929.0,50.0,0.0,1070.0,0.0,519.0,E03B,September,control,At the end of the drought
ERR2654467,1138.0,2187.0,0.0,356.0,133.0,12.0,0.0,0.0,0.0,5.0,0.0,445.0,31.0,3.0,8.0,43.0,52.0,2833.0,32.0,0.0,1776.0,0.0,321.0,C03D,September,drought,2 months recovery
ERR2654578,738.0,1189.0,0.0,212.0,234.0,10.0,0.0,0.0,0.0,0.0,23.0,302.0,33.0,53.0,26.0,6.0,19.0,1533.0,43.0,0.0,642.0,0.0,305.0,G01C,September,control,A week recovery
ERR2654628,756.0,1639.0,2.0,452.0,212.0,26.0,0.0,0.0,2.0,4.0,16.0,257.0,40.0,26.0,12.0,12.0,24.0,1498.0,47.0,0.0,635.0,0.0,326.0,H08B,September,control,At the end of the drought
ERR2654552,443.0,1202.0,0.0,156.0,70.0,15.0,0.0,0.0,0.0,0.0,2.0,299.0,12.0,0.0,0.0,14.0,10.0,1692.0,3.0,0.0,691.0,0.0,151.0,F02C,September,drought,A week recovery
ERR2654562,1060.0,2321.0,0.0,292.0,203.0,6.0,0.0,5.0,0.0,0.0,9.0,399.0,39.0,12.0,9.0,31.0,15.0,1908.0,24.0,0.0,1113.0,0.0,314.0,F05C,September,drought,A week recovery
ERR2654403,630.0,1447.0,2.0,173.0,234.0,38.0,0.0,0.0,0.0,3.0,2.0,257.0,16.0,19.0,2.0,15.0,16.0,1324.0,33.0,0.0,711.0,0.0,266.0,A03B,September,control,At the end of the drought
ERR2654595,1742.0,2075.0,0.0,464.0,389.0,19.0,0.0,0.0,0.0,4.0,19.0,566.0,83.0,106.0,52.0,11.0,39.0,2867.0,78.0,2.0,1231.0,0.0,607.0,G06C,September,control,2 months recovery
ERR2654551,232.0,407.0,0.0,25.0,39.0,7.0,0.0,0.0,0.0,0.0,3.0,66.0,2.0,8.0,10.0,0.0,4.0,434.0,15.0,0.0,235.0,0.0,59.0,F02B,September,drought,At the end of the drought
ERR2654420,1315.0,3317.0,0.0,991.0,450.0,365.0,0.0,0.0,3.0,2.0,26.0,657.0,65.0,43.0,20.0,39.0,99.0,3846.0,58.0,0.0,1652.0,0.0,628.0,A08B,September,control,At the end of the drought
ERR2654407,1683.0,2995.0,4.0,800.0,268.0,88.0,2.0,3.0,2.0,2.0,26.0,872.0,87.0,37.0,13.0,89.0,79.0,4670.0,49.0,0.0,2061.0,0.0,541.0,A04C,September,drought,A week recovery
ERR2654464,1296.0,2394.0,0.0,475.0,406.0,98.0,0.0,0.0,0.0,0.0,0.0,412.0,40.0,65.0,27.0,14.0,34.0,2197.0,58.0,0.0,1160.0,0.0,540.0,C03A,September,control,Before drought
ERR2654563,1272.0,2529.0,0.0,569.0,529.0,89.0,0.0,0.0,2.0,3.0,10.0,642.0,41.0,28.0,51.0,14.0,42.0,2803.0,63.0,0.0,1197.0,0.0,590.0,F05D,September,control,2 months recovery
ERR2654558,1107.0,2052.0,0.0,319.0,282.0,2.0,0.0,0.0,0.0,4.0,17.0,334.0,23.0,48.0,23.0,6.0,29.0,2078.0,20.0,2.0,898.0,0.0,464.0,F04C,September,control,A week recovery
ERR2654427,540.0,1285.0,2.0,159.0,140.0,12.0,0.0,0.0,0.0,0.0,2.0,303.0,5.0,15.0,6.0,5.0,16.0,1547.0,23.0,0.0,694.0,0.0,227.0,B01C,September,drought,A week recovery
ERR2654553,1248.0,2374.0,0.0,678.0,397.0,12.0,0.0,0.0,0.0,0.0,63.0,624.0,39.0,30.0,33.0,14.0,46.0,2913.0,68.0,2.0,1425.0,0.0,558.0,F02D,September,control,2 months recovery
ERR2654473,698.0,1264.0,0.0,279.0,97.0,4.0,0.0,0.0,0.0,0.0,0.0,491.0,10.0,4.0,6.0,6.0,17.0,2397.0,19.0,0.0,1368.0,0.0,215.0,C05C,September,drought,A week recovery
ERR2654424,1410.0,1438.0,0.0,567.0,292.0,6.0,0.0,0.0,0.0,6.0,11.0,370.0,51.0,76.0,41.0,8.0,20.0,2173.0,68.0,0.0,975.0,0.0,387.0,A11C,September,control,A week recovery
ERR2654415,1908.0,2568.0,0.0,424.0,416.0,13.0,3.0,0.0,0.0,9.0,0.0,442.0,43.0,89.0,26.0,9.0,75.0,3046.0,59.0,0.0,1962.0,0.0,603.0,A06C,September,control,A week recovery
ERR2654586,1889.0,4055.0,0.0,689.0,509.0,43.0,3.0,0.0,5.0,6.0,3.0,642.0,61.0,22.0,19.0,52.0,101.0,3570.0,54.0,0.0,2841.0,0.0,752.0,G03D,September,drought,2 months recovery
ERR2654516,886.0,2560.0,46.0,933.0,132.0,124.0,0.0,18.0,0.0,2.0,3.0,686.0,41.0,2.0,8.0,259.0,54.0,3907.0,18.0,0.0,1353.0,0.0,347.0,D11C,September,drought,A week recovery
ERR2654555,1340.0,2601.0,0.0,593.0,463.0,59.0,0.0,0.0,0.0,4.0,25.0,406.0,55.0,73.0,26.0,23.0,38.0,2261.0,47.0,0.0,1216.0,0.0,502.0,F03B,September,control,At the end of the drought
ERR2654441,619.0,929.0,0.0,108.0,121.0,3.0,0.0,0.0,0.0,0.0,2.0,230.0,16.0,26.0,11.0,3.0,10.0,1095.0,39.0,0.0,701.0,0.0,171.0,B05B,September,drought,At the end of the drought
ERR2654498,809.0,1272.0,0.0,85.0,54.0,8.0,0.0,0.0,0.0,0.0,0.0,384.0,13.0,8.0,12.0,11.0,8.0,2169.0,29.0,0.0,1352.0,0.0,184.0,D03D,September,drought,2 months recovery
ERR2654509,1025.0,2151.0,3.0,347.0,376.0,55.0,5.0,2.0,0.0,0.0,0.0,389.0,24.0,39.0,27.0,12.0,18.0,1930.0,41.0,0.0,854.0,0.0,391.0,D07A,September,control,Before drought
ERR2654610,526.0,1793.0,0.0,178.0,133.0,9.0,0.0,3.0,0.0,2.0,3.0,289.0,41.0,0.0,4.0,29.0,10.0,1564.0,26.0,0.0,962.0,0.0,237.0,H02D,September,drought,2 months recovery
ERR2654419,1307.0,3312.0,0.0,673.0,482.0,97.0,0.0,2.0,0.0,6.0,4.0,598.0,40.0,32.0,27.0,20.0,95.0,3120.0,62.0,0.0,1696.0,0.0,692.0,A08A,September,control,Before drought
ERR2654459,1827.0,3803.0,6.0,1048.0,462.0,553.0,0.0,0.0,0.0,6.0,11.0,553.0,62.0,14.0,23.0,17.0,47.0,3939.0,37.0,0.0,1918.0,0.0,780.0,C01D,September,control,2 months recovery
ERR2654620,1020.0,2394.0,2.0,656.0,324.0,27.0,0.0,0.0,3.0,2.0,54.0,411.0,48.0,13.0,11.0,8.0,22.0,2338.0,25.0,0.0,1047.0,0.0,450.0,H05D,September,control,2 months recovery
ERR2654458,701.0,866.0,0.0,422.0,108.0,68.0,0.0,0.0,0.0,0.0,8.0,327.0,28.0,4.0,13.0,24.0,27.0,1101.0,23.0,0.0,911.0,0.0,181.0,C01C,September,drought,A week recovery
ERR2654429,232.0,987.0,0.0,66.0,64.0,15.0,0.0,0.0,0.0,0.0,0.0,141.0,7.0,3.0,0.0,2.0,2.0,727.0,17.0,0.0,313.0,0.0,127.0,B02A,September,drought,Before drought
ERR2654529,1291.0,2635.0,0.0,382.0,226.0,14.0,0.0,0.0,7.0,0.0,8.0,688.0,35.0,15.0,19.0,20.0,66.0,3261.0,55.0,0.0,2105.0,0.0,433.0,E04D,September,drought,2 months recovery
ERR2654426,698.0,1268.0,0.0,164.0,222.0,24.0,0.0,0.0,0.0,0.0,10.0,225.0,11.0,64.0,15.0,0.0,20.0,1637.0,63.0,0.0,685.0,0.0,301.0,B01B,September,drought,At the end of the drought
ERR2654536,624.0,1249.0,0.0,104.0,152.0,13.0,0.0,0.0,0.0,0.0,0.0,245.0,18.0,9.0,4.0,10.0,7.0,1220.0,24.0,0.0,853.0,0.0,217.0,E06C,September,drought,2 months recovery
ERR2654454,939.0,2210.0,0.0,441.0,298.0,17.0,0.0,0.0,0.0,0.0,17.0,347.0,49.0,32.0,12.0,23.0,30.0,2140.0,23.0,0.0,910.0,0.0,386.0,B10C,September,control,A week recovery
ERR2654500,1413.0,3033.0,0.0,693.0,511.0,22.0,0.0,0.0,0.0,4.0,31.0,580.0,51.0,49.0,44.0,15.0,71.0,3126.0,55.0,4.0,1538.0,0.0,684.0,D04D,September,control,2 months recovery
ERR2654460,222.0,932.0,0.0,140.0,62.0,25.0,0.0,0.0,0.0,0.0,2.0,122.0,8.0,2.0,4.0,10.0,2.0,759.0,7.0,0.0,365.0,0.0,111.0,C02A,September,drought,Before drought
ERR2654567,1789.0,2616.0,0.0,678.0,261.0,68.0,6.0,0.0,0.0,2.0,5.0,853.0,60.0,21.0,36.0,37.0,49.0,3503.0,74.0,0.0,2335.0,0.0,483.0,F06D,September,drought,2 months recovery
ERR2654409,1111.0,2473.0,0.0,458.0,328.0,51.0,0.0,2.0,0.0,0.0,0.0,394.0,25.0,25.0,15.0,25.0,37.0,1909.0,33.0,0.0,928.0,0.0,489.0,A05A,September,drought,Before drought
ERR2654579,927.0,2167.0,2.0,273.0,287.0,37.0,0.0,0.0,2.0,0.0,0.0,431.0,33.0,19.0,26.0,0.0,28.0,1976.0,67.0,0.0,932.0,0.0,453.0,G01D,September,control,2 months recovery
ERR2654512,538.0,982.0,0.0,165.0,110.0,69.0,0.0,0.0,0.0,2.0,6.0,249.0,11.0,37.0,22.0,8.0,14.0,1123.0,47.0,2.0,710.0,0.0,215.0,D08B,September,drought,At the end of the drought
ERR2654404,2021.0,2539.0,5.0,985.0,579.0,14.0,2.0,0.0,0.0,15.0,64.0,583.0,85.0,184.0,43.0,22.0,86.0,4085.0,101.0,4.0,1672.0,0.0,834.0,A03C,September,control,A week recovery
ERR2654550,169.0,570.0,0.0,32.0,62.0,6.0,0.0,0.0,0.0,0.0,0.0,88.0,2.0,0.0,2.0,0.0,0.0,471.0,5.0,0.0,190.0,0.0,74.0,F02A,September,drought,Before drought
ERR2654416,1312.0,2438.0,3.0,782.0,340.0,62.0,0.0,0.0,4.0,2.0,36.0,444.0,61.0,25.0,26.0,3.0,46.0,2611.0,39.0,2.0,1143.0,0.0,612.0,A06D,September,control,2 months recovery
ERR2654490,846.0,2113.0,0.0,294.0,270.0,149.0,0.0,0.0,4.0,0.0,0.0,366.0,22.0,18.0,26.0,5.0,13.0,2030.0,36.0,0.0,917.0,0.0,439.0,D01D,September,control,2 months recovery
ERR2654413,1353.0,3449.0,0.0,591.0,583.0,67.0,2.0,4.0,0.0,0.0,2.0,449.0,33.0,44.0,19.0,53.0,58.0,2883.0,51.0,0.0,1491.0,2.0,668.0,A06A,September,control,Before drought
ERR2654468,279.0,575.0,0.0,56.0,55.0,10.0,0.0,0.0,0.0,0.0,0.0,154.0,4.0,8.0,8.0,0.0,12.0,550.0,18.0,0.0,501.0,0.0,89.0,C04B,September,drought,At the end of the drought
ERR2654510,772.0,2274.0,0.0,570.0,329.0,26.0,0.0,0.0,0.0,2.0,34.0,442.0,42.0,26.0,16.0,18.0,37.0,2163.0,42.0,0.0,1145.0,0.0,423.0,D07B,September,control,At the end of the drought
ERR2654410,1092.0,1646.0,0.0,220.0,246.0,45.0,0.0,0.0,0.0,5.0,7.0,395.0,14.0,30.0,20.0,2.0,31.0,1914.0,53.0,0.0,1383.0,0.0,380.0,A05B,September,drought,At the end of the drought
ERR2654591,1446.0,2212.0,0.0,422.0,263.0,16.0,0.0,0.0,0.0,0.0,0.0,1003.0,72.0,8.0,11.0,49.0,49.0,3334.0,53.0,0.0,1650.0,0.0,415.0,G05C,September,drought,A week recovery
ERR2654411,992.0,1954.0,0.0,330.0,199.0,6.0,0.0,0.0,3.0,2.0,43.0,454.0,27.0,9.0,5.0,21.0,46.0,3283.0,33.0,0.0,1298.0,0.0,340.0,A05C,September,drought,A week recovery
ERR2654559,1251.0,2470.0,0.0,220.0,219.0,20.0,2.0,0.0,0.0,0.0,0.0,564.0,30.0,4.0,16.0,28.0,75.0,2898.0,46.0,0.0,1976.0,0.0,363.0,F04D,September,drought,2 months recovery
ERR2654421,1178.0,1764.0,0.0,504.0,251.0,46.0,0.0,0.0,0.0,0.0,35.0,315.0,54.0,59.0,18.0,18.0,30.0,2450.0,45.0,0.0,811.0,2.0,343.0,A08C,September,control,2 months recovery
ERR2654482,1040.0,2470.0,0.0,737.0,305.0,236.0,0.0,0.0,2.0,9.0,46.0,639.0,39.0,26.0,18.0,19.0,51.0,2743.0,42.0,0.0,1641.0,0.0,492.0,C08B,September,control,At the end of the drought
ERR2654594,365.0,665.0,0.0,37.0,102.0,0.0,0.0,0.0,0.0,2.0,0.0,85.0,0.0,2.0,9.0,0.0,5.0,680.0,20.0,0.0,386.0,0.0,130.0,G06B,September,drought,At the end of the drought
ERR2654593,1012.0,2692.0,0.0,433.0,408.0,80.0,3.0,0.0,0.0,4.0,7.0,350.0,31.0,28.0,28.0,10.0,24.0,2377.0,38.0,0.0,1204.0,0.0,443.0,G06A,September,drought,Before drought
ERR2654513,1429.0,3214.0,4.0,720.0,527.0,102.0,0.0,4.0,0.0,6.0,17.0,654.0,56.0,65.0,28.0,23.0,57.0,3486.0,43.0,0.0,1597.0,0.0,664.0,D08C,September,control,A week recovery
ERR2654518,576.0,1286.0,0.0,269.0,157.0,2.0,0.0,0.0,5.0,2.0,10.0,130.0,9.0,5.0,5.0,7.0,20.0,1447.0,15.0,0.0,441.0,0.0,345.0,E01B,September,control,At the end of the drought
ERR2654606,1032.0,2809.0,0.0,684.0,438.0,103.0,0.0,0.0,4.0,0.0,15.0,381.0,38.0,38.0,26.0,46.0,33.0,2554.0,35.0,0.0,1118.0,0.0,590.0,H01B,September,control,At the end of the drought
ERR2654447,990.0,2647.0,0.0,553.0,428.0,22.0,0.0,0.0,0.0,0.0,5.0,394.0,41.0,32.0,36.0,25.0,35.0,2317.0,30.0,0.0,1154.0,0.0,522.0,B06D,September,control,2 months recovery
ERR2654503,691.0,1706.0,2.0,348.0,113.0,144.0,0.0,0.0,0.0,0.0,0.0,670.0,25.0,0.0,7.0,23.0,27.0,2604.0,7.0,0.0,1290.0,0.0,242.0,D05C,September,drought,A week recovery
ERR2654601,876.0,1444.0,0.0,476.0,83.0,53.0,0.0,0.0,0.0,0.0,2.0,671.0,27.0,0.0,10.0,63.0,19.0,2374.0,7.0,0.0,1211.0,0.0,186.0,G08C,September,drought,A week recovery
ERR2654582,569.0,1698.0,0.0,273.0,175.0,73.0,0.0,0.0,0.0,0.0,5.0,203.0,22.0,4.0,10.0,9.0,4.0,1264.0,21.0,0.0,670.0,0.0,235.0,G02D,September,control,2 months recovery
ERR2654609,525.0,852.0,0.0,132.0,112.0,0.0,0.0,0.0,2.0,0.0,10.0,154.0,12.0,39.0,13.0,6.0,3.0,1133.0,32.0,0.0,333.0,0.0,201.0,H02C,September,control,A week recovery
ERR2654461,399.0,803.0,0.0,87.0,114.0,6.0,0.0,0.0,0.0,0.0,11.0,153.0,8.0,34.0,9.0,0.0,13.0,802.0,26.0,0.0,532.0,0.0,164.0,C02B,September,drought,At the end of the drought
ERR2654476,456.0,1233.0,0.0,212.0,148.0,47.0,0.0,0.0,2.0,0.0,31.0,268.0,15.0,4.0,13.0,4.0,6.0,1055.0,24.0,0.0,506.0,0.0,183.0,C06B,September,control,At the end of the drought
ERR2654546,1339.0,3167.0,0.0,819.0,538.0,125.0,2.0,0.0,0.0,0.0,2.0,550.0,39.0,48.0,35.0,49.0,34.0,3346.0,53.0,0.0,1219.0,0.0,710.0,F01A,September,control,Before drought
ERR2654577,804.0,1686.0,0.0,470.0,268.0,12.0,2.0,0.0,7.0,5.0,12.0,265.0,23.0,30.0,29.0,9.0,21.0,1696.0,20.0,0.0,662.0,0.0,420.0,G01B,September,control,At the end of the drought
ERR2654397,1273.0,3032.0,2.0,847.0,417.0,62.0,3.0,0.0,5.0,2.0,53.0,558.0,59.0,37.0,26.0,21.0,75.0,3131.0,56.0,0.0,1558.0,0.0,577.0,A01D,September,control,2 months recovery
ERR2654614,880.0,2420.0,0.0,293.0,219.0,46.0,0.0,0.0,0.0,0.0,4.0,436.0,33.0,10.0,10.0,31.0,39.0,2179.0,57.0,0.0,1396.0,0.0,374.0,H03D,September,drought,2 months recovery
ERR2654605,1001.0,2789.0,0.0,685.0,371.0,256.0,0.0,2.0,0.0,4.0,2.0,459.0,32.0,18.0,14.0,36.0,37.0,3127.0,33.0,0.0,915.0,0.0,501.0,H01A,September,control,Before drought
ERR2654599,1008.0,2569.0,0.0,449.0,356.0,97.0,0.0,0.0,0.0,2.0,4.0,403.0,19.0,27.0,35.0,18.0,36.0,2281.0,50.0,0.0,1207.0,0.0,518.0,G08A,September,drought,Before drought
ERR2654465,991.0,1743.0,0.0,519.0,306.0,14.0,0.0,0.0,5.0,8.0,15.0,272.0,41.0,31.0,13.0,19.0,26.0,1697.0,53.0,3.0,1089.0,0.0,421.0,C03B,September,control,At the end of the drought
ERR2654502,877.0,1052.0,0.0,140.0,210.0,11.0,0.0,0.0,0.0,4.0,8.0,267.0,19.0,27.0,25.0,2.0,11.0,1379.0,60.0,0.0,1185.0,0.0,237.0,D05B,September,drought,At the end of the drought
ERR2654522,334.0,777.0,0.0,57.0,124.0,2.0,0.0,0.0,0.0,0.0,5.0,137.0,2.0,20.0,10.0,0.0,8.0,702.0,17.0,0.0,394.0,0.0,197.0,E02B,September,drought,At the end of the drought
ERR2654470,1384.0,2243.0,2.0,577.0,451.0,26.0,0.0,0.0,4.0,2.0,32.0,412.0,65.0,41.0,41.0,27.0,20.0,2632.0,64.0,0.0,1179.0,0.0,541.0,C04D,September,control,2 months recovery
ERR2654484,1065.0,1240.0,0.0,381.0,243.0,9.0,0.0,0.0,2.0,14.0,7.0,297.0,29.0,55.0,32.0,2.0,11.0,1720.0,39.0,0.0,850.0,2.0,396.0,C09C,September,control,A week recovery
ERR2654479,1074.0,2485.0,0.0,363.0,347.0,25.0,0.0,0.0,0.0,6.0,8.0,405.0,40.0,36.0,19.0,14.0,22.0,2106.0,40.0,0.0,762.0,0.0,444.0,C07A,September,control,Before drought
ERR2654570,1006.0,2686.0,0.0,564.0,363.0,473.0,2.0,0.0,0.0,0.0,4.0,428.0,38.0,25.0,31.0,20.0,57.0,2462.0,54.0,0.0,1186.0,0.0,493.0,F08A,September,drought,Before drought
ERR2654506,1673.0,3003.0,4.0,753.0,584.0,34.0,0.0,0.0,2.0,10.0,21.0,751.0,66.0,66.0,48.0,28.0,54.0,3166.0,94.0,2.0,1941.0,2.0,666.0,D06B,September,control,At the end of the drought
ERR2654442,700.0,1156.0,0.0,363.0,93.0,13.0,0.0,2.0,0.0,0.0,14.0,364.0,27.0,7.0,7.0,3.0,4.0,1846.0,23.0,0.0,819.0,0.0,157.0,B05C,September,drought,A week recovery
ERR2654602,889.0,1254.0,0.0,361.0,310.0,11.0,0.0,0.0,4.0,0.0,13.0,396.0,48.0,52.0,60.0,2.0,10.0,1533.0,38.0,0.0,720.0,0.0,386.0,G09C,September,control,A week recovery
ERR2654443,1114.0,3007.0,0.0,757.0,394.0,35.0,0.0,0.0,2.0,0.0,34.0,560.0,60.0,29.0,22.0,14.0,73.0,3076.0,40.0,0.0,1213.0,0.0,501.0,B05D,September,control,2 months recovery
ERR2654408,1278.0,2434.0,0.0,693.0,402.0,14.0,0.0,0.0,2.0,6.0,0.0,364.0,75.0,22.0,28.0,12.0,50.0,2636.0,53.0,0.0,1220.0,0.0,565.0,A04D,September,control,2 months recovery
ERR2654436,1048.0,2072.0,0.0,306.0,133.0,21.0,4.0,0.0,0.0,2.0,0.0,487.0,25.0,7.0,13.0,23.0,59.0,2390.0,30.0,0.0,1291.0,0.0,208.0,B03D,September,drought,2 months recovery
ERR2654623,1244.0,1722.0,0.0,437.0,362.0,18.0,0.0,0.0,0.0,16.0,39.0,371.0,54.0,127.0,41.0,17.0,29.0,2219.0,42.0,0.0,1038.0,0.0,465.0,H06C,September,control,2 months recovery
ERR2654533,1320.0,2814.0,0.0,607.0,488.0,25.0,3.0,0.0,2.0,0.0,18.0,650.0,69.0,33.0,34.0,14.0,30.0,2684.0,46.0,0.0,1409.0,0.0,542.0,E05D,September,control,2 months recovery
ERR2654618,540.0,990.0,0.0,114.0,130.0,41.0,0.0,2.0,0.0,3.0,4.0,129.0,8.0,14.0,13.0,0.0,4.0,1087.0,23.0,0.0,608.0,0.0,203.0,H05B,September,drought,At the end of the drought
ERR2654445,407.0,1503.0,0.0,192.0,146.0,37.0,0.0,0.0,3.0,2.0,6.0,229.0,19.0,8.0,12.0,7.0,5.0,1246.0,20.0,0.0,524.0,0.0,197.0,B06B,September,control,At the end of the drought
ERR2654531,580.0,907.0,0.0,100.0,140.0,66.0,0.0,2.0,0.0,0.0,4.0,198.0,12.0,21.0,30.0,0.0,9.0,1070.0,33.0,0.0,661.0,0.0,201.0,E05B,September,drought,At the end of the drought
ERR2654631,729.0,1535.0,0.0,256.0,206.0,2.0,0.0,0.0,0.0,0.0,5.0,262.0,27.0,29.0,22.0,4.0,11.0,1575.0,27.0,0.0,646.0,0.0,290.0,H10C,September,control,A week recovery
ERR2654406,136.0,451.0,0.0,20.0,31.0,44.0,0.0,0.0,0.0,0.0,0.0,60.0,2.0,12.0,2.0,0.0,4.0,398.0,18.0,0.0,241.0,0.0,61.0,A04B,September,drought,At the end of the drought
ERR2654548,389.0,1842.0,0.0,327.0,129.0,723.0,0.0,0.0,0.0,0.0,9.0,209.0,34.0,5.0,5.0,33.0,8.0,1613.0,0.0,0.0,627.0,0.0,187.0,F01C,September,control,A week recovery
ERR2654604,862.0,1646.0,0.0,310.0,91.0,13.0,0.0,0.0,0.0,2.0,3.0,550.0,31.0,3.0,4.0,35.0,27.0,2419.0,21.0,0.0,1180.0,0.0,216.0,G11C,September,drought,A week recovery
ERR2654451,850.0,2848.0,5.0,711.0,275.0,47.0,2.0,0.0,2.0,2.0,20.0,504.0,36.0,20.0,14.0,20.0,48.0,2417.0,47.0,0.0,1110.0,0.0,434.0,B08B,September,control,At the end of the drought
ERR2654450,1579.0,3964.0,2.0,826.0,572.0,57.0,0.0,0.0,0.0,3.0,5.0,666.0,55.0,51.0,37.0,39.0,120.0,3555.0,78.0,0.0,2103.0,2.0,804.0,B08A,September,control,Before drought
ERR2654469,525.0,1310.0,2.0,159.0,118.0,11.0,0.0,0.0,2.0,0.0,5.0,187.0,14.0,8.0,11.0,9.0,13.0,1284.0,16.0,0.0,665.0,0.0,211.0,C04C,September,drought,A week recovery
ERR2654477,2102.0,2589.0,0.0,684.0,366.0,74.0,0.0,0.0,0.0,4.0,37.0,735.0,92.0,61.0,27.0,41.0,71.0,3560.0,64.0,0.0,2184.0,2.0,621.0,C06C,September,drought,2 months recovery
ERR2654400,735.0,1705.0,0.0,245.0,224.0,9.0,0.0,0.0,0.0,3.0,2.0,260.0,16.0,22.0,20.0,6.0,15.0,1764.0,38.0,0.0,781.0,0.0,333.0,A02C,September,control,A week recovery
ERR2654433,234.0,781.0,0.0,69.0,92.0,43.0,0.0,0.0,0.0,0.0,0.0,116.0,8.0,11.0,5.0,8.0,4.0,530.0,9.0,0.0,301.0,0.0,89.0,B03A,September,control,Before drought
ERR2654452,587.0,1590.0,3.0,413.0,172.0,45.0,0.0,0.0,0.0,0.0,4.0,298.0,31.0,13.0,7.0,16.0,14.0,1403.0,16.0,0.0,800.0,0.0,240.0,B08C,September,control,A week recovery
ERR2654462,285.0,562.0,0.0,196.0,43.0,4.0,0.0,0.0,0.0,0.0,2.0,277.0,8.0,0.0,2.0,20.0,6.0,1175.0,6.0,0.0,530.0,0.0,89.0,C02C,September,drought,A week recovery
ERR2654621,868.0,2269.0,2.0,264.0,345.0,18.0,0.0,0.0,0.0,0.0,7.0,301.0,34.0,26.0,20.0,6.0,26.0,2094.0,40.0,0.0,770.0,0.0,439.0,H06A,September,drought,Before drought
ERR2654616,893.0,1748.0,0.0,250.0,200.0,8.0,0.0,0.0,2.0,3.0,0.0,266.0,41.0,20.0,9.0,9.0,8.0,1743.0,28.0,0.0,976.0,0.0,345.0,H04D,September,drought,2 months recovery
ERR2654511,1040.0,2128.0,0.0,252.0,361.0,36.0,0.0,0.0,0.0,2.0,0.0,365.0,21.0,37.0,21.0,7.0,38.0,2259.0,47.0,0.0,882.0,0.0,516.0,D08A,September,drought,Before drought
ERR2654474,983.0,1834.0,0.0,336.0,266.0,16.0,0.0,0.0,2.0,2.0,11.0,440.0,47.0,15.0,22.0,8.0,20.0,1880.0,30.0,0.0,913.0,0.0,311.0,C05D,September,control,2 months recovery
ERR2654556,917.0,1469.0,0.0,291.0,265.0,9.0,0.0,0.0,2.0,2.0,19.0,308.0,31.0,89.0,25.0,8.0,18.0,1482.0,45.0,0.0,710.0,0.0,340.0,F03C,September,control,A week recovery
ERR2654572,1169.0,2623.0,0.0,1028.0,174.0,159.0,0.0,13.0,0.0,0.0,12.0,1102.0,57.0,2.0,17.0,174.0,53.0,4205.0,18.0,0.0,2124.0,0.0,396.0,F08C,September,drought,A week recovery
ERR2654626,991.0,2271.0,0.0,593.0,377.0,29.0,0.0,0.0,8.0,2.0,59.0,392.0,38.0,29.0,27.0,29.0,26.0,2155.0,43.0,0.0,1228.0,0.0,454.0,H07B,September,control,At the end of the drought
ERR2654487,1391.0,3678.0,0.0,917.0,513.0,227.0,0.0,6.0,0.0,2.0,0.0,567.0,63.0,27.0,39.0,106.0,38.0,3097.0,51.0,0.0,1441.0,0.0,754.0,D01A,September,drought,Before drought
ERR2654564,806.0,1990.0,0.0,401.0,288.0,126.0,0.0,0.0,0.0,0.0,3.0,318.0,19.0,13.0,14.0,4.0,17.0,1994.0,26.0,0.0,598.0,0.0,380.0,F06A,September,drought,Before drought
ERR2654569,1267.0,2693.0,0.0,606.0,443.0,39.0,0.0,0.0,2.0,5.0,8.0,550.0,51.0,58.0,43.0,25.0,52.0,2434.0,52.0,0.0,1411.0,2.0,588.0,F07B,September,control,At the end of the drought
ERR2654547,726.0,1877.0,2.0,221.0,256.0,22.0,0.0,0.0,2.0,0.0,15.0,222.0,8.0,21.0,20.0,20.0,20.0,1722.0,28.0,0.0,680.0,0.0,406.0,F01B,September,control,At the end of the drought
ERR2654480,656.0,2046.0,0.0,386.0,260.0,12.0,0.0,0.0,2.0,0.0,15.0,478.0,31.0,13.0,25.0,13.0,28.0,1895.0,33.0,0.0,965.0,0.0,294.0,C07B,September,control,At the end of the drought
ERR2654434,601.0,1297.0,0.0,278.0,205.0,13.0,0.0,0.0,0.0,0.0,27.0,235.0,30.0,21.0,18.0,17.0,17.0,1379.0,35.0,0.0,567.0,0.0,256.0,B03B,September,control,At the end of the drought
ERR2654561,1127.0,1463.0,0.0,288.0,322.0,37.0,0.0,0.0,0.0,0.0,3.0,332.0,30.0,64.0,31.0,6.0,45.0,2033.0,70.0,0.0,1111.0,0.0,399.0,F05B,September,drought,At the end of the drought
ERR2654466,1005.0,1508.0,0.0,439.0,260.0,9.0,0.0,0.0,3.0,0.0,3.0,285.0,45.0,71.0,25.0,0.0,16.0,1757.0,45.0,0.0,1055.0,0.0,402.0,C03C,September,control,A week recovery
ERR2654463,793.0,1639.0,0.0,147.0,106.0,8.0,0.0,0.0,3.0,0.0,3.0,387.0,17.0,0.0,5.0,6.0,30.0,2523.0,23.0,0.0,1257.0,0.0,185.0,C02D,September,drought,2 months recovery
ERR2654597,192.0,451.0,0.0,25.0,67.0,5.0,0.0,0.0,0.0,0.0,2.0,55.0,2.0,6.0,0.0,4.0,3.0,458.0,2.0,0.0,160.0,0.0,81.0,G07A,September,control,Before drought
ERR2654571,758.0,1323.0,0.0,226.0,242.0,23.0,0.0,0.0,0.0,3.0,13.0,151.0,31.0,57.0,21.0,0.0,18.0,1331.0,68.0,0.0,812.0,0.0,352.0,F08B,September,drought,At the end of the drought
ERR2654632,808.0,2006.0,0.0,556.0,158.0,120.0,2.0,5.0,0.0,0.0,0.0,389.0,44.0,2.0,15.0,20.0,29.0,2540.0,16.0,0.0,939.0,0.0,271.0,H11C,September,drought,A week recovery
ERR2654612,500.0,774.0,0.0,97.0,95.0,30.0,0.0,0.0,0.0,2.0,6.0,80.0,9.0,31.0,10.0,2.0,2.0,787.0,23.0,0.0,596.0,0.0,173.0,H03B,September,drought,At the end of the drought
ERR2654585,860.0,1148.0,0.0,196.0,205.0,7.0,0.0,0.0,0.0,0.0,7.0,190.0,27.0,87.0,22.0,8.0,11.0,1357.0,37.0,0.0,567.0,0.0,294.0,G03C,September,control,A week recovery
ERR2654530,1087.0,2668.0,0.0,411.0,322.0,50.0,0.0,2.0,0.0,2.0,0.0,422.0,43.0,22.0,17.0,20.0,29.0,2146.0,37.0,0.0,1049.0,0.0,442.0,E05A,September,drought,Before drought
ERR2654535,441.0,720.0,0.0,90.0,102.0,8.0,0.0,0.0,0.0,0.0,4.0,166.0,11.0,19.0,13.0,0.0,0.0,734.0,16.0,0.0,526.0,0.0,144.0,E06B,September,drought,At the end of the drought
ERR2654494,1122.0,2020.0,0.0,486.0,356.0,30.0,0.0,0.0,0.0,4.0,10.0,397.0,47.0,21.0,27.0,6.0,30.0,2075.0,54.0,0.0,1005.0,0.0,458.0,D02D,September,control,2 months recovery
ERR2654520,1708.0,3083.0,0.0,728.0,577.0,53.0,0.0,0.0,2.0,9.0,10.0,613.0,53.0,62.0,50.0,15.0,123.0,3530.0,83.0,2.0,2018.0,0.0,804.0,E01D,September,control,2 months recovery
ERR2654613,522.0,953.0,0.0,207.0,91.0,25.0,0.0,0.0,0.0,0.0,3.0,235.0,24.0,2.0,2.0,21.0,7.0,1814.0,6.0,0.0,678.0,0.0,147.0,H03C,September,drought,A week recovery
ERR2654496,489.0,1125.0,0.0,102.0,138.0,0.0,0.0,0.0,0.0,0.0,8.0,196.0,17.0,27.0,12.0,4.0,13.0,1175.0,19.0,0.0,545.0,0.0,176.0,D03B,September,control,At the end of the drought
ERR2654439,1618.0,2991.0,3.0,810.0,408.0,61.0,0.0,0.0,4.0,7.0,12.0,597.0,74.0,50.0,48.0,7.0,74.0,3258.0,66.0,2.0,1433.0,2.0,621.0,B04D,September,control,2 months recovery
ERR2654568,1215.0,2499.0,0.0,495.0,471.0,113.0,0.0,2.0,0.0,0.0,0.0,484.0,26.0,29.0,28.0,25.0,31.0,2374.0,56.0,0.0,1104.0,0.0,503.0,F07A,September,control,Before drought
ERR2654588,1127.0,2254.0,2.0,344.0,315.0,4.0,0.0,0.0,0.0,0.0,19.0,424.0,34.0,14.0,23.0,24.0,32.0,2473.0,50.0,3.0,1196.0,0.0,425.0,G04D,September,drought,2 months recovery
ERR2654457,1104.0,1637.0,0.0,291.0,304.0,6.0,0.0,0.0,0.0,0.0,20.0,181.0,26.0,67.0,33.0,7.0,18.0,1981.0,86.0,0.0,1143.0,0.0,475.0,C01B,September,drought,At the end of the drought
ERR2654423,1473.0,2283.0,0.0,807.0,404.0,6.0,0.0,0.0,0.0,8.0,31.0,514.0,42.0,89.0,48.0,28.0,62.0,3291.0,58.0,0.0,1224.0,2.0,570.0,A10C,September,control,A week recovery
ERR2654483,1055.0,1333.0,0.0,455.0,212.0,15.0,0.0,0.0,0.0,4.0,0.0,444.0,43.0,45.0,53.0,2.0,18.0,1854.0,53.0,2.0,1026.0,0.0,387.0,C08C,September,control,A week recovery
ERR2654521,88.0,467.0,0.0,27.0,35.0,2.0,0.0,0.0,0.0,0.0,0.0,54.0,0.0,0.0,0.0,0.0,3.0,302.0,0.0,0.0,138.0,0.0,56.0,E02A,September,drought,Before drought
ERR2654607,1497.0,2234.0,2.0,601.0,317.0,43.0,0.0,0.0,4.0,0.0,6.0,466.0,78.0,37.0,27.0,11.0,28.0,2495.0,62.0,0.0,1447.0,2.0,532.0,H01D,September,drought,2 months recovery
ERR2654430,272.0,533.0,0.0,58.0,88.0,11.0,0.0,0.0,0.0,2.0,0.0,129.0,9.0,5.0,5.0,0.0,3.0,599.0,33.0,0.0,297.0,0.0,73.0,B02B,September,drought,At the end of the drought
ERR2654538,1377.0,3012.0,0.0,495.0,480.0,86.0,0.0,0.0,0.0,0.0,3.0,582.0,53.0,42.0,43.0,32.0,44.0,2580.0,79.0,0.0,1335.0,0.0,526.0,E07A,September,control,Before drought
ERR2654611,295.0,1222.0,0.0,119.0,125.0,37.0,0.0,0.0,0.0,0.0,7.0,170.0,8.0,4.0,3.0,3.0,11.0,1059.0,8.0,0.0,500.0,0.0,164.0,H03A,September,drought,Before drought
ERR2654414,946.0,2168.0,0.0,387.0,320.0,68.0,2.0,0.0,0.0,0.0,2.0,397.0,44.0,15.0,20.0,14.0,18.0,2094.0,25.0,0.0,1041.0,0.0,372.0,A06B,September,control,At the end of the drought
ERR2654560,1562.0,2962.0,0.0,512.0,461.0,72.0,0.0,0.0,0.0,5.0,5.0,555.0,29.0,39.0,33.0,29.0,43.0,2863.0,54.0,0.0,1370.0,0.0,555.0,F05A,September,drought,Before drought
ERR2654625,712.0,2369.0,0.0,354.0,278.0,68.0,0.0,0.0,3.0,0.0,2.0,357.0,25.0,17.0,17.0,20.0,31.0,2228.0,28.0,0.0,1027.0,0.0,364.0,H07A,September,control,Before drought
ERR2654615,797.0,1694.0,0.0,420.0,137.0,20.0,0.0,0.0,0.0,0.0,5.0,494.0,44.0,0.0,0.0,70.0,19.0,2560.0,8.0,0.0,1181.0,0.0,278.0,H04C,September,drought,A week recovery
ERR2654417,1446.0,3788.0,0.0,721.0,595.0,58.0,0.0,0.0,0.0,6.0,3.0,625.0,67.0,55.0,39.0,38.0,82.0,3363.0,59.0,0.0,1733.0,0.0,709.0,A07A,September,drought,Before drought
ERR2654603,580.0,1706.0,0.0,269.0,196.0,18.0,0.0,0.0,0.0,0.0,5.0,260.0,32.0,0.0,0.0,12.0,8.0,1457.0,4.0,0.0,747.0,0.0,252.0,G10C,September,drought,A week recovery
ERR2654437,153.0,209.0,0.0,42.0,37.0,3.0,0.0,0.0,3.0,0.0,5.0,66.0,0.0,15.0,8.0,0.0,3.0,273.0,17.0,0.0,169.0,0.0,57.0,B04B,September,drought,At the end of the drought
ERR2654527,989.0,2970.0,0.0,341.0,379.0,10.0,0.0,0.0,0.0,0.0,7.0,346.0,19.0,30.0,33.0,8.0,65.0,2262.0,34.0,0.0,1421.0,0.0,605.0,E03D,September,drought,2 months recovery
ERR2654543,1731.0,1962.0,0.0,1150.0,400.0,50.0,0.0,0.0,3.0,11.0,43.0,524.0,35.0,113.0,34.0,26.0,24.0,3355.0,47.0,2.0,1439.0,0.0,598.0,E09C,September,control,A week recovery
ERR2654396,985.0,1641.0,0.0,332.0,197.0,8.0,0.0,0.0,0.0,0.0,0.0,248.0,32.0,17.0,4.0,18.0,32.0,1777.0,53.0,0.0,908.0,0.0,286.0,A01C,September,drought,A week recovery
ERR2654505,231.0,611.0,0.0,32.0,71.0,12.0,0.0,0.0,0.0,0.0,0.0,81.0,0.0,4.0,2.0,4.0,4.0,510.0,14.0,0.0,158.0,0.0,106.0,D06A,September,control,Before drought
ERR2654449,867.0,2488.0,0.0,602.0,361.0,197.0,0.0,0.0,3.0,0.0,34.0,450.0,48.0,28.0,13.0,35.0,45.0,2389.0,32.0,0.0,1036.0,0.0,427.0,B07B,September,control,At the end of the drought
ERR2654580,146.0,397.0,0.0,41.0,46.0,0.0,0.0,0.0,0.0,2.0,0.0,61.0,4.0,4.0,7.0,0.0,0.0,352.0,4.0,0.0,146.0,0.0,58.0,G02B,September,control,At the end of the drought
ERR2654554,931.0,1890.0,0.0,341.0,341.0,48.0,0.0,0.0,0.0,4.0,0.0,379.0,20.0,21.0,18.0,6.0,46.0,1747.0,44.0,0.0,977.0,0.0,322.0,F03A,September,control,Before drought
ERR2654608,75.0,435.0,0.0,57.0,31.0,16.0,0.0,0.0,0.0,0.0,0.0,69.0,5.0,0.0,0.0,0.0,2.0,415.0,2.0,0.0,166.0,0.0,54.0,H02A,September,control,Before drought
ERR2654519,713.0,1501.0,0.0,337.0,199.0,37.0,0.0,0.0,0.0,0.0,0.0,203.0,25.0,18.0,12.0,2.0,10.0,1382.0,22.0,0.0,725.0,0.0,316.0,E01C,September,control,A week recovery
ERR2654627,575.0,1880.0,0.0,330.0,237.0,54.0,0.0,0.0,2.0,2.0,5.0,259.0,25.0,11.0,10.0,7.0,24.0,1690.0,19.0,0.0,849.0,0.0,311.0,H08A,September,control,Before drought
ERR2654497,721.0,1574.0,2.0,338.0,273.0,19.0,0.0,0.0,0.0,0.0,9.0,274.0,24.0,49.0,15.0,10.0,10.0,1775.0,45.0,0.0,850.0,0.0,309.0,D03C,September,control,A week recovery
ERR2654589,170.0,569.0,0.0,40.0,55.0,10.0,0.0,0.0,0.0,0.0,2.0,71.0,2.0,0.0,0.0,4.0,2.0,492.0,5.0,0.0,152.0,0.0,77.0,G05A,September,drought,Before drought
ERR2654418,1043.0,2036.0,0.0,454.0,445.0,578.0,0.0,0.0,0.0,4.0,4.0,347.0,25.0,58.0,19.0,12.0,50.0,2243.0,90.0,0.0,1266.0,0.0,472.0,A07B,September,drought,At the end of the drought
ERR2654549,1922.0,3131.0,0.0,1384.0,463.0,112.0,0.0,0.0,3.0,8.0,10.0,533.0,61.0,43.0,25.0,17.0,55.0,3637.0,50.0,2.0,1726.0,0.0,869.0,F01D,September,control,2 months recovery
ERR2654395,1036.0,1957.0,3.0,434.0,373.0,106.0,0.0,0.0,4.0,4.0,6.0,319.0,5.0,59.0,25.0,21.0,51.0,2412.0,82.0,0.0,1101.0,0.0,470.0,A01B,September,drought,At the end of the drought
ERR2654431,602.0,1097.0,0.0,135.0,75.0,4.0,0.0,0.0,0.0,0.0,0.0,360.0,11.0,0.0,3.0,0.0,15.0,2344.0,22.0,0.0,744.0,0.0,135.0,B02C,September,drought,A week recovery
ERR2654456,1888.0,3657.0,0.0,1006.0,624.0,87.0,0.0,2.0,0.0,4.0,4.0,677.0,44.0,52.0,35.0,41.0,55.0,3941.0,64.0,0.0,1766.0,0.0,851.0,C01A,September,drought,Before drought
ERR2654541,1376.0,1930.0,5.0,569.0,394.0,650.0,0.0,0.0,2.0,7.0,19.0,395.0,46.0,86.0,48.0,24.0,29.0,2367.0,95.0,0.0,1410.0,0.0,498.0,E08B,September,drought,At the end of the drought
ERR2654523,380.0,1053.0,0.0,192.0,60.0,38.0,0.0,3.0,0.0,0.0,6.0,305.0,11.0,0.0,3.0,24.0,8.0,1387.0,2.0,0.0,599.0,0.0,119.0,E02C,September,drought,A week recovery
ERR2654446,888.0,1431.0,0.0,151.0,190.0,17.0,0.0,0.0,0.0,2.0,0.0,162.0,34.0,23.0,12.0,6.0,10.0,1336.0,41.0,0.0,824.0,0.0,278.0,B06C,September,drought,2 months recovery
ERR2654532,628.0,1373.0,0.0,205.0,89.0,6.0,0.0,0.0,0.0,0.0,2.0,350.0,9.0,0.0,6.0,5.0,8.0,1376.0,15.0,0.0,859.0,0.0,212.0,E05C,September,drought,A week recovery
ERR2654630,851.0,1260.0,0.0,366.0,193.0,7.0,0.0,0.0,3.0,7.0,24.0,374.0,33.0,32.0,24.0,2.0,12.0,1569.0,35.0,0.0,728.0,0.0,282.0,H09C,September,control,A week recovery
ERR2654501,423.0,1162.0,0.0,122.0,147.0,21.0,0.0,0.0,0.0,0.0,2.0,167.0,14.0,17.0,5.0,37.0,10.0,809.0,22.0,0.0,439.0,0.0,181.0,D05A,September,drought,Before drought
ERR2654545,860.0,1747.0,0.0,421.0,157.0,31.0,0.0,0.0,0.0,0.0,18.0,325.0,18.0,2.0,9.0,14.0,18.0,2197.0,18.0,0.0,844.0,0.0,263.0,E11C,September,drought,A week recovery
ERR2654428,1538.0,3261.0,6.0,890.0,461.0,49.0,0.0,0.0,11.0,2.0,0.0,717.0,72.0,42.0,39.0,9.0,94.0,3173.0,60.0,0.0,1654.0,0.0,696.0,B01D,September,control,2 months recovery
ERR2654412,955.0,1732.0,0.0,277.0,144.0,11.0,0.0,0.0,0.0,2.0,3.0,445.0,33.0,11.0,13.0,23.0,56.0,2469.0,30.0,0.0,1431.0,2.0,243.0,A05D,September,drought,2 months recovery
ERR2654598,1283.0,3258.0,0.0,612.0,490.0,145.0,0.0,0.0,4.0,8.0,17.0,545.0,69.0,56.0,29.0,23.0,48.0,3086.0,68.0,0.0,1244.0,0.0,585.0,G07B,September,control,At the end of the drought
ERR2654425,1738.0,4021.0,0.0,1334.0,774.0,502.0,0.0,4.0,0.0,2.0,28.0,639.0,53.0,65.0,59.0,49.0,92.0,4571.0,73.0,0.0,1849.0,0.0,970.0,B01A,September,drought,Before drought
ERR2654619,1032.0,2110.0,0.0,500.0,148.0,14.0,0.0,4.0,0.0,2.0,2.0,722.0,49.0,4.0,7.0,261.0,19.0,3155.0,19.0,0.0,1614.0,0.0,301.0,H05C,September,drought,A week recovery
ERR2654448,1455.0,4063.0,0.0,1145.0,614.0,148.0,0.0,16.0,4.0,5.0,5.0,669.0,85.0,46.0,46.0,100.0,102.0,3648.0,44.0,0.0,1783.0,0.0,820.0,B07A,September,control,Before drought
ERR2654499,1477.0,1831.0,0.0,413.0,318.0,15.0,0.0,0.0,0.0,6.0,23.0,342.0,25.0,83.0,30.0,17.0,17.0,2423.0,26.0,2.0,1475.0,0.0,514.0,D04C,September,control,A week recovery
ERR2654486,1276.0,1410.0,0.0,481.0,311.0,11.0,0.0,0.0,0.0,2.0,0.0,285.0,72.0,75.0,35.0,7.0,17.0,1933.0,53.0,4.0,819.0,0.0,425.0,C11C,September,control,A week recovery
ERR2654493,476.0,1259.0,0.0,165.0,84.0,108.0,0.0,2.0,0.0,0.0,2.0,310.0,16.0,2.0,0.0,7.0,15.0,1688.0,4.0,0.0,779.0,0.0,172.0,D02C,September,drought,A week recovery
ERR2654573,857.0,1760.0,3.0,414.0,269.0,20.0,2.0,0.0,3.0,3.0,0.0,500.0,27.0,50.0,32.0,6.0,19.0,1842.0,20.0,0.0,867.0,0.0,423.0,F09C,September,control,A week recovery
ERR2654617,1013.0,4017.0,2.0,938.0,423.0,119.0,0.0,3.0,2.0,0.0,30.0,519.0,79.0,17.0,7.0,53.0,62.0,3114.0,12.0,0.0,1428.0,0.0,634.0,H05A,September,drought,Before drought
ERR2654515,971.0,1578.0,3.0,278.0,213.0,4.0,0.0,0.0,3.0,0.0,3.0,326.0,34.0,33.0,28.0,3.0,27.0,1831.0,47.0,0.0,884.0,0.0,300.0,D10C,September,drought,A week recovery
ERR2654539,1149.0,2713.0,0.0,556.0,405.0,125.0,0.0,6.0,0.0,2.0,71.0,415.0,65.0,51.0,26.0,39.0,32.0,2310.0,56.0,0.0,1295.0,0.0,569.0,E07B,September,control,At the end of the drought
ERR2654581,563.0,762.0,0.0,164.0,129.0,2.0,0.0,0.0,0.0,2.0,2.0,145.0,20.0,41.0,18.0,0.0,6.0,955.0,29.0,0.0,333.0,0.0,194.0,G02C,September,control,A week recovery
ERR2654544,666.0,1583.0,2.0,207.0,226.0,14.0,0.0,0.0,0.0,0.0,10.0,282.0,22.0,7.0,5.0,5.0,20.0,1398.0,35.0,0.0,788.0,0.0,256.0,E10C,September,drought,A week recovery
ERR2654438,747.0,1386.0,0.0,287.0,138.0,2.0,0.0,0.0,5.0,0.0,7.0,368.0,22.0,7.0,16.0,12.0,25.0,2005.0,32.0,0.0,964.0,0.0,189.0,B04C,September,drought,A week recovery
ERR2654504,1289.0,2068.0,2.0,650.0,464.0,11.0,0.0,0.0,3.0,2.0,14.0,469.0,43.0,40.0,36.0,18.0,41.0,2226.0,56.0,0.0,1335.0,0.0,532.0,D05D,September,control,2 months recovery
ERR2654575,1342.0,2625.0,0.0,789.0,149.0,20.0,0.0,0.0,0.0,0.0,0.0,759.0,44.0,6.0,9.0,26.0,77.0,4498.0,31.0,0.0,1658.0,0.0,421.0,F11C,September,drought,A week recovery
ERR2654444,835.0,2706.0,0.0,498.0,336.0,52.0,0.0,3.0,0.0,3.0,2.0,349.0,43.0,11.0,18.0,28.0,71.0,2110.0,20.0,0.0,1159.0,0.0,540.0,B06A,September,control,Before drought
ERR2654517,1523.0,3546.0,0.0,587.0,497.0,87.0,0.0,0.0,0.0,0.0,7.0,490.0,35.0,30.0,27.0,27.0,56.0,3360.0,47.0,0.0,1497.0,0.0,630.0,E01A,September,control,Before drought
ERR2654565,1560.0,2961.0,0.0,377.0,578.0,49.0,2.0,0.0,4.0,12.0,18.0,443.0,40.0,84.0,36.0,4.0,67.0,2881.0,103.0,0.0,1534.0,0.0,743.0,F06B,September,drought,At the end of the drought
ERR2654566,935.0,1775.0,0.0,278.0,225.0,78.0,0.0,0.0,0.0,0.0,32.0,237.0,28.0,25.0,16.0,3.0,8.0,1582.0,20.0,0.0,794.0,0.0,344.0,F06C,September,control,2 months recovery
ERR2654491,345.0,1150.0,0.0,129.0,119.0,14.0,0.0,0.0,0.0,0.0,0.0,162.0,9.0,2.0,2.0,0.0,5.0,984.0,16.0,0.0,351.0,0.0,173.0,D02A,September,drought,Before drought
ERR2654394,1316.0,3668.0,0.0,1248.0,442.0,682.0,0.0,14.0,0.0,2.0,2.0,581.0,44.0,26.0,39.0,80.0,72.0,3658.0,65.0,0.0,1528.0,0.0,678.0,A01A,September,drought,Before drought
ERR2654587,809.0,1247.0,2.0,235.0,217.0,2.0,0.0,0.0,0.0,5.0,7.0,262.0,49.0,59.0,37.0,0.0,9.0,1468.0,44.0,0.0,586.0,0.0,325.0,G04C,September,control,A week recovery
ERR2654624,1567.0,3139.0,0.0,1037.0,393.0,59.0,0.0,0.0,9.0,0.0,58.0,532.0,58.0,30.0,31.0,20.0,39.0,3056.0,41.0,0.0,1548.0,0.0,692.0,H06D,September,control,2 months recovery
ERR2654584,428.0,1002.0,0.0,165.0,181.0,10.0,0.0,0.0,2.0,0.0,6.0,131.0,27.0,44.0,12.0,4.0,2.0,828.0,24.0,0.0,470.0,0.0,227.0,G03B,September,control,At the end of the drought
ERR2654525,1157.0,2937.0,2.0,671.0,449.0,175.0,2.0,0.0,0.0,0.0,10.0,439.0,26.0,35.0,20.0,37.0,79.0,2642.0,48.0,0.0,1578.0,0.0,550.0,E03A,September,control,Before drought
ERR2654401,626.0,1250.0,0.0,174.0,61.0,7.0,0.0,0.0,0.0,0.0,0.0,358.0,10.0,0.0,10.0,18.0,17.0,1790.0,14.0,0.0,965.0,0.0,145.0,A02D,September,drought,2 months recovery
ERR2654440,939.0,2660.0,0.0,337.0,344.0,102.0,0.0,2.0,0.0,0.0,4.0,476.0,25.0,23.0,19.0,22.0,37.0,2063.0,20.0,0.0,1001.0,0.0,465.0,B05A,September,drought,Before drought
ERR2654492,225.0,509.0,0.0,50.0,78.0,0.0,0.0,0.0,0.0,0.0,5.0,86.0,4.0,12.0,8.0,0.0,5.0,638.0,27.0,0.0,344.0,0.0,93.0,D02B,September,drought,At the end of the drought
ERR2654475,1237.0,2716.0,0.0,479.0,446.0,319.0,3.0,0.0,0.0,2.0,5.0,424.0,45.0,38.0,45.0,34.0,21.0,2501.0,63.0,0.0,1199.0,0.0,558.0,C06A,September,control,Before drought
ERR2654514,1457.0,2964.0,4.0,904.0,510.0,22.0,0.0,0.0,0.0,7.0,15.0,510.0,78.0,60.0,42.0,31.0,39.0,3617.0,53.0,0.0,1529.0,0.0,667.0,D09C,September,control,A week recovery
ERR2654590,1504.0,2317.0,0.0,391.0,459.0,75.0,0.0,2.0,5.0,0.0,19.0,342.0,44.0,74.0,32.0,2.0,51.0,2732.0,94.0,2.0,1263.0,0.0,652.0,G05B,September,drought,At the end of the drought
ERR2654471,933.0,1983.0,0.0,234.0,246.0,25.0,0.0,0.0,0.0,2.0,4.0,381.0,8.0,27.0,19.0,22.0,11.0,1679.0,27.0,0.0,701.0,0.0,376.0,C05A,September,drought,Before drought
ERR2654592,1200.0,3286.0,3.0,1080.0,456.0,44.0,0.0,0.0,0.0,0.0,17.0,498.0,61.0,35.0,33.0,47.0,65.0,2896.0,61.0,0.0,1767.0,0.0,656.0,G05D,September,control,2 months recovery
ERR2654488,1235.0,2108.0,0.0,751.0,485.0,198.0,2.0,0.0,0.0,6.0,8.0,292.0,23.0,69.0,29.0,7.0,42.0,2532.0,98.0,0.0,1312.0,0.0,617.0,D01B,September,drought,At the end of the drought
ERR2654537,1691.0,2449.0,0.0,448.0,246.0,49.0,0.0,0.0,4.0,3.0,21.0,881.0,48.0,11.0,41.0,29.0,60.0,3423.0,63.0,0.0,2373.0,0.0,422.0,E06D,September,drought,2 months recovery
ERR2654622,1170.0,1744.0,2.0,367.0,367.0,16.0,0.0,0.0,0.0,7.0,12.0,297.0,26.0,48.0,35.0,2.0,45.0,1978.0,69.0,0.0,1225.0,0.0,414.0,H06B,September,drought,At the end of the drought
ERR2654478,784.0,2608.0,20.0,479.0,261.0,248.0,0.0,0.0,0.0,0.0,14.0,272.0,38.0,0.0,4.0,24.0,19.0,1940.0,13.0,0.0,986.0,0.0,382.0,C06D,September,control,2 months recovery
ERR2654574,791.0,1758.0,0.0,185.0,213.0,4.0,0.0,0.0,0.0,0.0,4.0,377.0,30.0,25.0,19.0,10.0,23.0,1786.0,33.0,0.0,916.0,0.0,318.0,F10C,September,drought,A week recovery
ERR2654596,1654.0,3173.0,0.0,665.0,462.0,50.0,0.0,0.0,2.0,2.0,8.0,599.0,62.0,15.0,25.0,58.0,80.0,3316.0,49.0,0.0,2479.0,0.0,540.0,G06D,September,drought,2 months recovery
ERR2654495,1140.0,2561.0,3.0,496.0,434.0,37.0,2.0,0.0,4.0,7.0,6.0,422.0,22.0,25.0,28.0,25.0,26.0,2256.0,54.0,0.0,1209.0,0.0,591.0,D03A,September,control,Before drought
ERR2654507,1809.0,3657.0,0.0,868.0,488.0,44.0,0.0,0.0,3.0,6.0,27.0,711.0,86.0,24.0,18.0,62.0,50.0,3574.0,36.0,0.0,2121.0,0.0,718.0,D06C,September,drought,2 months recovery
ERR2654557,1236.0,2435.0,0.0,490.0,159.0,58.0,2.0,0.0,2.0,3.0,7.0,691.0,33.0,6.0,10.0,107.0,64.0,3535.0,60.0,0.0,2297.0,0.0,369.0,F03D,September,drought,2 months recovery
ERR2654405,860.0,2022.0,0.0,456.0,94.0,28.0,4.0,0.0,0.0,0.0,0.0,479.0,24.0,2.0,3.0,44.0,46.0,2333.0,19.0,0.0,1518.0,0.0,258.0,A03D,September,drought,2 months recovery
ERR2654540,1351.0,3069.0,2.0,585.0,467.0,52.0,2.0,0.0,2.0,2.0,2.0,591.0,44.0,39.0,39.0,8.0,65.0,2897.0,51.0,0.0,1662.0,0.0,610.0,E08A,September,drought,Before drought
ERR2654583,289.0,1121.0,0.0,195.0,110.0,13.0,0.0,0.0,0.0,0.0,0.0,151.0,4.0,6.0,9.0,10.0,2.0,892.0,16.0,0.0,361.0,0.0,148.0,G03A,September,control,Before drought
ERR2654528,1498.0,2267.0,0.0,740.0,360.0,15.0,0.0,0.0,3.0,2.0,6.0,717.0,63.0,135.0,60.0,22.0,25.0,2752.0,60.0,0.0,1216.0,0.0,586.0,E04C,September,control,A week recovery
ERR2654472,911.0,1204.0,0.0,197.0,239.0,25.0,0.0,0.0,0.0,2.0,5.0,321.0,28.0,46.0,27.0,2.0,22.0,1492.0,64.0,0.0,1046.0,0.0,339.0,C05B,September,drought,At the end of the drought
ERR2654489,767.0,1690.0,0.0,329.0,156.0,45.0,0.0,0.0,0.0,2.0,4.0,435.0,52.0,0.0,4.0,37.0,16.0,1688.0,17.0,0.0,1252.0,0.0,279.0,D01C,September,drought,A week recovery
ERR2654629,770.0,1542.0,0.0,242.0,121.0,6.0,0.0,0.0,0.0,0.0,0.0,354.0,21.0,3.0,7.0,24.0,19.0,1739.0,6.0,0.0,922.0,0.0,230.0,H08C,September,drought,A week recovery
ERR2654422,1198.0,1939.0,0.0,579.0,198.0,61.0,0.0,0.0,2.0,9.0,4.0,605.0,52.0,16.0,23.0,24.0,27.0,3118.0,43.0,0.0,1608.0,0.0,328.0,A09C,September,drought,A week recovery
ERR2654600,587.0,1053.0,0.0,115.0,141.0,24.0,0.0,0.0,0.0,0.0,4.0,188.0,14.0,32.0,14.0,0.0,4.0,1044.0,37.0,0.0,563.0,0.0,194.0,G08B,September,drought,At the end of the drought
ERR2654432,610.0,1676.0,0.0,225.0,100.0,6.0,0.0,0.0,0.0,0.0,3.0,331.0,15.0,0.0,3.0,4.0,17.0,1816.0,25.0,0.0,774.0,0.0,181.0,B02D,September,drought,2 months recovery
ERR2654455,913.0,1606.0,0.0,433.0,249.0,8.0,0.0,0.0,3.0,0.0,20.0,221.0,37.0,28.0,19.0,8.0,15.0,1827.0,29.0,0.0,680.0,0.0,390.0,B11C,September,control,A week recovery
ERR2654399,416.0,764.0,0.0,109.0,131.0,0.0,0.0,0.0,0.0,0.0,0.0,115.0,8.0,14.0,14.0,2.0,5.0,854.0,36.0,0.0,354.0,0.0,126.0,A02B,September,control,At the end of the drought
ERR2654485,920.0,1653.0,0.0,388.0,282.0,10.0,0.0,0.0,0.0,10.0,5.0,271.0,53.0,45.0,24.0,3.0,22.0,1731.0,33.0,0.0,851.0,4.0,372.0,C10C,September,control,A week recovery
ERR2654481,1352.0,2887.0,0.0,430.0,409.0,41.0,0.0,2.0,0.0,2.0,0.0,446.0,33.0,32.0,23.0,25.0,28.0,2590.0,44.0,0.0,1503.0,0.0,573.0,C08A,September,control,Before drought
ERR2654542,805.0,1480.0,0.0,243.0,235.0,2.0,0.0,0.0,0.0,2.0,13.0,380.0,27.0,35.0,15.0,4.0,13.0,1508.0,52.0,0.0,784.0,0.0,265.0,E08C,September,drought,A week recovery
ERR2654402,1379.0,2865.0,0.0,598.0,474.0,349.0,3.0,2.0,0.0,2.0,3.0,523.0,29.0,45.0,22.0,45.0,90.0,2674.0,61.0,0.0,1638.0,0.0,558.0,A03A,September,control,Before drought
ERR2654453,554.0,2014.0,3.0,383.0,184.0,428.0,0.0,0.0,0.0,0.0,17.0,309.0,26.0,11.0,6.0,9.0,15.0,1616.0,13.0,0.0,684.0,0.0,239.0,B09C,September,control,A week recovery
ERR2654576,1269.0,3403.0,0.0,677.0,448.0,122.0,0.0,0.0,0.0,6.0,8.0,512.0,38.0,36.0,29.0,28.0,32.0,3247.0,43.0,0.0,1201.0,0.0,664.0,G01A,September,control,Before drought
ERR2654534,1471.0,3351.0,0.0,449.0,492.0,68.0,0.0,0.0,5.0,9.0,5.0,564.0,43.0,47.0,37.0,12.0,52.0,2687.0,47.0,0.0,1257.0,0.0,677.0,E06A,September,drought,Before drought
ERR2654524,1545.0,2329.0,0.0,631.0,476.0,50.0,0.0,0.0,3.0,0.0,3.0,433.0,65.0,67.0,53.0,15.0,27.0,2733.0,79.0,0.0,1113.0,2.0,630.0,E02D,September,control,2 months recovery
ERR2654398,213.0,1476.0,0.0,359.0,86.0,188.0,0.0,2.0,0.0,0.0,2.0,143.0,26.0,0.0,0.0,30.0,8.0,1006.0,12.0,0.0,438.0,0.0,172.0,A02A,September,control,Before drought
ERR2654508,1747.0,2412.0,6.0,752.0,618.0,22.0,0.0,0.0,0.0,6.0,20.0,599.0,87.0,76.0,48.0,28.0,21.0,2738.0,72.0,0.0,1370.0,0.0,633.0,D06D,September,drought,2 months recovery
